{
  "n_events": 3134,
  "bic_1comp": 14958.883575393367,
  "bic_2comp": 12772.175550538468,
  "delta_bic": 2186.708024854899,
  "strong_evidence": true,
  "acute_component": {
    "mu_log": 3.718417802828125,
    "sigma_log": 0.9746429422957473,
    "pi": 0.7550667372332326,
    "median_minutes": 41.19915732329083
  },
  "chronic_component": {
    "mu_log": 9.22798215229364,
    "sigma_log": 1.510546619460712,
    "pi": 0.2449332627667665,
    "median_minutes": 10177.98315689834,
    "median_days": 7.068043858957181
  },
  "acute_purity": 0.8097849008857022,
  "chronic_purity": 0.7968545216251638,
  "all_mu": [
    3.718417802828125,
    9.22798215229364
  ],
  "all_sigma": [
    0.9746429422957473,
    1.510546619460712
  ],
  "all_pi": [
    0.7550667372332326,
    0.2449332627667665
  ],
  "ll_history": [
    -6555.331259556895,
    -6368.688120389979,
    -6366.030548136361,
    -6365.969086393773,
    -6365.964270893857,
    -6365.963081402246,
    -6365.96274525833,
    -6365.9626496734745,
    -6365.962622499716,
    -6365.962614776883,
    -6365.96261258242,
    -6365.9626119589275,
    -6365.962611781781,
    -6365.96261173145,
    -6365.962611717154,
    -6365.962611713088
  ]
}