{
  "Mysore Road": {
    "mu_day": 0.0012255546704285291,
    "mu_night": 0.003169343153588273,
    "alpha": 0.0029976519350721365,
    "beta": 0.009621417144244637,
    "branching_ratio": 0.31156033359028396,
    "mean_excitation_decay_mins": 103.93479307756472,
    "nll": 3839.7051532714536,
    "stationary": true,
    "N": 565,
    "ks_pretest": {
      "ks": 0.13622436332878268,
      "p": 1.474598338797024e-09,
      "cv": 1.220085674447756,
      "reject_poisson": true,
      "n": 565
    },
    "gof_ks": 0.06306627903311757,
    "gof_p": 0.021891060790640682,
    "tier": 1,
    "corridor": "Mysore Road"
  },
  "Bellary Road 1": {
    "mu_day": 0.0018108388463911218,
    "mu_night": 0.0018488224462974666,
    "alpha": 0.021027056766024635,
    "beta": 0.17405244950611284,
    "branching_ratio": 0.12080873797347018,
    "mean_excitation_decay_mins": 5.745394579838299,
    "nll": 3158.974593573278,
    "stationary": true,
    "N": 449,
    "ks_pretest": {
      "ks": 0.1529759175847431,
      "p": 1.4727124951745831e-09,
      "cv": 1.214076920738694,
      "reject_poisson": true,
      "n": 449
    },
    "gof_ks": 0.08571974412288957,
    "gof_p": 0.0027090239998167915,
    "tier": 1,
    "corridor": "Bellary Road 1"
  },
  "Tumkur Road": {
    "mu_day": 0.0015293529099435533,
    "mu_night": 0.0021860037992414336,
    "alpha": 1e-06,
    "beta": 20.0,
    "branching_ratio": 5e-08,
    "mean_excitation_decay_mins": 0.05,
    "nll": 2804.5101883104435,
    "stationary": true,
    "N": 383,
    "ks_pretest": {
      "ks": 0.13120528542893037,
      "p": 3.4060560391018788e-06,
      "cv": 1.0497035528762282,
      "reject_poisson": true,
      "n": 383
    },
    "gof_ks": 0.11990496973783854,
    "gof_p": 3.042534724619239e-05,
    "tier": 1,
    "corridor": "Tumkur Road"
  },
  "Bellary Road 2": {
    "mu_day": 0.0011068382533937046,
    "mu_night": 0.001485945794140411,
    "alpha": 1e-06,
    "beta": 20.0,
    "branching_ratio": 5e-08,
    "mean_excitation_decay_mins": 0.05,
    "nll": 2063.356372358784,
    "stationary": true,
    "N": 269,
    "ks_pretest": {
      "ks": 0.12388217565966803,
      "p": 0.00048222849341931964,
      "cv": 1.2245023735005727,
      "reject_poisson": true,
      "n": 269
    },
    "gof_ks": 0.13804123483488864,
    "gof_p": 6.454073172327476e-05,
    "tier": 1,
    "corridor": "Bellary Road 2"
  },
  "ZONE:South Zone 1": {
    "mu_day": 0.0006251154000332192,
    "mu_night": 0.0006882526129059699,
    "alpha": 0.003935277942003108,
    "beta": 0.021148654562622243,
    "branching_ratio": 0.18607698803489128,
    "mean_excitation_decay_mins": 47.284331825409936,
    "nll": 1358.246532482228,
    "stationary": true,
    "N": 170,
    "tier": 2,
    "zone": "South Zone 1"
  },
  "ZONE:North Zone 1": {
    "mu_day": 0.00046202544052740093,
    "mu_night": 0.0009788484457473538,
    "alpha": 0.022059985860871798,
    "beta": 0.23329147238865397,
    "branching_ratio": 0.09455976095054504,
    "mean_excitation_decay_mins": 4.286483298172345,
    "nll": 1225.2231907945402,
    "stationary": true,
    "N": 153,
    "tier": 2,
    "zone": "North Zone 1"
  },
  "ZONE:East Zone 1": {
    "mu_day": 0.0006935472916255745,
    "mu_night": 0.0008516099700621653,
    "alpha": 0.01873288959968535,
    "beta": 0.16023586973205153,
    "branching_ratio": 0.1169082155637856,
    "mean_excitation_decay_mins": 6.24079990124691,
    "nll": 1454.3681584174628,
    "stationary": true,
    "N": 185,
    "tier": 2,
    "zone": "East Zone 1"
  },
  "ZONE:West Zone 2": {
    "mu_day": 0.0006894819375601976,
    "mu_night": 0.0006911581356854207,
    "alpha": 0.001990823326786438,
    "beta": 0.012622499793478518,
    "branching_ratio": 0.15772021068402056,
    "mean_excitation_decay_mins": 79.2236099315807,
    "nll": 1373.5990809797322,
    "stationary": true,
    "N": 171,
    "tier": 2,
    "zone": "West Zone 2"
  },
  "ZONE:East Zone 2": {
    "mu_day": 0.0006454282279044348,
    "mu_night": 0.0008150122596971276,
    "alpha": 1e-06,
    "beta": 20.0,
    "branching_ratio": 5e-08,
    "mean_excitation_decay_mins": 0.05,
    "nll": 1264.2258089217394,
    "stationary": true,
    "N": 154,
    "tier": 2,
    "zone": "East Zone 2"
  },
  "ZONE:North Zone 2": {
    "mu_day": 0.00054242840403915,
    "mu_night": 0.0009619198638445719,
    "alpha": 1e-06,
    "beta": 2.224070255983016,
    "branching_ratio": 4.4962608411756777e-07,
    "mean_excitation_decay_mins": 0.44962608411756777,
    "nll": 1212.2575272010936,
    "stationary": true,
    "N": 147,
    "tier": 2,
    "zone": "North Zone 2"
  },
  "ZONE:West Zone 1": {
    "mu_day": 0.0007784192814162981,
    "mu_night": 0.0013070365265910348,
    "alpha": 0.19034505512023436,
    "beta": 20.0,
    "branching_ratio": 0.009517252756011719,
    "mean_excitation_decay_mins": 0.05,
    "nll": 1650.9139636444602,
    "stationary": true,
    "N": 210,
    "tier": 2,
    "zone": "West Zone 1"
  }
}