{
  "mean": [
    2.8075941289087427,
    6.9211869814933,
    0.6196553924696873,
    0.0,
    5.631461391193363,
    0.614550095724314,
    0.30399117209104454,
    0.4607986142765963,
    0.45211125292489707,
    0.42565411614550097,
    0.010529674537332482,
    0.27185705169112956
  ],
  "scale": [
    3.98693539951934,
    5.486583194028797,
    0.4854715100321864,
    1.0,
    4.348247375105048,
    0.9493181840464522,
    0.20274739111002862,
    0.2659974510842822,
    0.3715228198395076,
    0.4944417959213072,
    0.10207252564461489,
    0.44491661593712184
  ],
  "feature_names": [
    "cause",
    "corridor",
    "priority",
    "closure",
    "veh",
    "class",
    "hour",
    "dow",
    "month",
    "night",
    "planned",
    "chronic"
  ]
}